109,138,61,2.6,88,11,142
64,86,38,1.6,54,45,86
82,101,42,2,62,23,109
39,56,30,1.2,38,52,56
128,162,48,2.5,78,15,169
241,285,64,4.2,98,6,291
173,189,47,2.9,60,41,223
11,16,10,0.6,22,51,26
21,45,14,1,29,52,45
19,30,15,0.7,30,45,30
16,29,11,0.8,25,56,29
48,63,29,1.3,45,29,66
40,48,29,1.2,41,46,56
46,55,31,1.5,49,31,64
102,126,59,2.5,70,10,134
59,41,35,1.4,39,42,80
29,45,22,0.9,32,43,45
45,60,30,1.2,50,35,63
30,45,28,1.1,46,47,45
61,81,43,1.6,69,30,82
135,178,67,2.8,95,14,179
126,166,62,2.9,90,30,166
219,268,94,4.8,123,10,269
169,219,65,3.3,94,54,219
10,20,9,0.4,21,59,30
16,21,19,0.6,34,40,23
11,18,11,0.3,21,61,31
58,87,48,1.7,76,30,78
43,84,28,1.1,53,59,67
50,148,23,1.2,49,63,99
45,111,28,1.5,62,52,81
111,168,69,3.4,93,14,145
47,98,29,1.3,52,56,74
114,147,40,2.8,75,14,149
91,117,36,2.3,67,44,119
138,158,46,2.4,68,12,182
111,125,34,2,60,43,145
15,25,13,0.5,21,53,27
27,46,19,0.8,35,53,46
63,94,53,1.9,71,19,85
106,128,76,2.8,90,11,139
27,47,27,0.7,39,59,47
82,107,67,2.3,78,20,109
82,108,68,2.4,74,24,108
95,117,66,2.7,84,18,125
353,384,109,4.6,123,20,402
165,194,67,2.4,76,30,215
74,81,42,1.5,61,36,99
115,186,71,2.5,72,41,151
8,35,6,0.3,15,65,35
18,25,27,0.7,34,50,26
115,138,75,2.2,93,16,150
221,263,118,4,125,8,271
148,168,79,2.8,92,23,197
24,42,24,1,42,61,42
53,81,45,1,47,44,72
89,120,57,1.8,60,56,118
40,75,28,0.9,38,56,62
118,141,71,2.3,75,32,155
72,97,39,1.2,46,68,96
143,182,63,1.4,48,38,190
135,146,52,2,57,12,179
66,97,19,1.2,31,73,89
5,32,5,0.3,8,73,37
27,40,19,0.6,21,68,40
88,102,53,1.6,49,42,117
120,130,66,2,64,39,157
102,67,33,1.6,59,30,133
67,40,23,1.2,36,66,90
9,16,16,0.5,18,65,33
24,28,26,0.7,38,55,35
98,111,58,2.1,77,37,129
111,116,53,2.2,77,47,146
188,173,73,2.8,84,24,238
265,295,73,3.1,95,27,315
393,449,100,3.8,110,25,428
296,204,79,3.2,88,60,346
105,52,67,2.1,72,56,138
71,84,38,1.1,61,44,95
64,72,34,1.2,60,64,87
164,175,45,2.2,79,30,214
259,284,78,2.7,101,26,309
263,300,102,3.4,102,18,313
211,246,130,3.6,92,14,261
260,327,133,4.7,119,19,310
354,389,78,5.2,122,13,403
316,250,81,3.7,106,18,366
16,24,13,0.5,25,70,35
78,102,33,1.5,71,47,103
38,57,23,0.8,48,70,54
135,165,60,2.6,93,40,178
218,248,96,4.2,102,18,268
57,78,27,1.3,40,74,77
20,35,16,0.8,35,66,35
16,28,14,0.6,29,77,39
48,72,26,1.1,53,65,66
131,166,68,2.3,92,38,172
94,118,45,1.6,68,72,124
81,101,53,1.7,72,45,107
155,196,76,2.4,80,68,205
11,23,9,0.4,26,82,41
20,75,14,0.6,37,77,62
21,79,13,0.5,31,86,64
94,173,43,1.5,89,61,124
113,198,76,2.1,72,97,148
83,241,27,1.2,50,82,145
37,124,17,0.6,36,91,87
46,93,17,0.8,46,78,72
10,27,5,0.4,23,87,44
25,64,11,0.6,43,92,57
47,115,16,0.8,53,96,82
134,183,44,1.6,69,146,177
220,249,53,2,93,115,270
200,237,43,1.6,92,159,250
269,318,43,2,111,137,319
249,300,34,2.4,107,86,299
128,171,25,1.7,66,90,168
39,76,7,0.6,37,95,63
31,78,8,0.5,58,92,64
133,183,35,1.8,81,89,176
104,117,17,0.9,60,125,137
99,159,21,1,58,135,130
23,80,6,0.5,36,93,65
32,132,8,0.6,40,100,91
22,80,6,0.4,29,100,65
53,143,12,0.7,58,109,96
97,176,20,0.8,62,144,128
174,237,38,1.5,82,184,224
121,239,19,0.9,50,145,159
87,386,27,1.3,52,94,251
60,112,17,1,60,94,81
100,136,25,1.4,75,136,131
157,190,25,1.3,71,194,207
229,263,33,1.9,79,188,279
91,142,16,1,61,130,120
51,113,12,0.7,68,80,82
91,124,19,1.4,71,101,120
138,124,17,1.5,65,115,183
61,84,15,0.8,65,87,83
60,80,7,0.6,54,99,81
48,79,7,0.6,56,107,67
58,101,9,0.6,54,143,86
116,147,21,0.9,41,145,151
115,133,19,0.9,47,140,151
129,190,20,1,69,153,171
37,82,4,0.4,28,86,66
51,93,6,0.6,48,127,73
61,98,8,0.7,49,141,84
89,143,17,0.9,68,175,118
103,158,19,1,67,200,136
121,186,19,0.8,41,161,159
23,46,3,0.3,21,95,48
38,127,6,0.4,43,93,89
26,59,3,0.3,17,87,55
23,53,4,0.4,36,99,51
74,124,27,0.9,61,117,99
63,102,12,0.9,45,103,85
74,107,16,1,46,157,99
61,106,33,1.3,52,119,83
50,87,27,1.2,50,107,69
24,20,3,0.8,29,92,46
34,68,7,0.6,44,132,77
52,124,10,0.7,57,109,87
17,63,7,0.3,26,94,56
59,181,7,0.5,61,107,115
45,121,10,0.6,49,128,86
56,120,25,1,60,184,122
77,142,23,0.9,56,236,171
106,158,15,1,45,210,145
79,130,9,0.9,46,157,105
107,168,25,1.5,53,234,169
136,196,37,1.4,61,202,180
81,156,20,0.8,55,204,140
76,80,6,1,46,143,101
65,114,2,0.7,29,95,88
22,77,5,0.4,55,131,76
35,145,4,0.4,42,103,97
30,87,8,0.6,55,176,115
42,115,10,0.7,60,181,119
84,171,37,1.6,53,294,205
114,215,45,2.1,58,260,195
44,55,2,0.6,26,229,164
26,43,2,0.4,26,152,93
33,61,13,0.6,41,179,117
53,89,9,0.8,45,185,123
58,93,11,0.8,41,207,143
49,71,12,1.1,39,75,67
9,26,2,0.3,27,100,50
27,58,7,0.7,54,116,63
27,53,6,0.6,43,138,82
67,85,6,1.2,42,115,89
40,41,3,0.7,32,125,71
24,56,6,0.5,39,143,86
48,84,8,0.9,41,179,117
38,68,3,0.6,38,224,159
101,145,14,1.2,49,241,176
126,149,3,1,41,203,165
88,107,3,0.9,35,170,116
61,72,4,0.7,36,176,115
121,132,5,1.2,45,159,158
44,38,2,0.8,27,143,86
65,63,5,1,34,154,95
29,41,2,0.6,31,147,89
23,44,2,0.5,38,172,111
49,87,6,0.7,52,223,158
102,125,10,1.2,48,170,134
127,51,4,1.1,33,207,167
19,40,3,0.4,34,129,74
19,45,5,0.4,42,120,67
42,84,11,1,52,219,154
73,120,15,1.2,53,244,179
89,136,17,1,49,160,117
55,57,3,0.9,28,132,77
190,103,5,1.3,40,164,240
188,128,4,1.3,40,199,238
124,100,4,1.1,38,188,163
202,155,8,1.4,36,206,252
165,185,9,1.2,41,195,215
106,123,9,0.9,40,154,138
25,69,6,0.6,55,107,60
27,80,8,0.5,40,174,113
28,67,5,0.5,40,137,81
12,35,2,0.3,31,134,78
16,52,3,0.4,40,115,63
26,64,4,0.5,43,219,154
50,106,7,0.6,28,204,140
86,111,4,0.8,42,170,114
132,135,4,1.8,41,139,175
142,107,7,1.7,38,209,188
82,102,3,0.8,33,168,109
67,91,4,0.7,26,180,118
26,43,5,0.5,24,140,83
12,37,7,0.5,40,78,39
26,74,6,0.7,59,84,62
61,112,6,1,68,110,82
64,91,7,1.2,43,196,133
94,135,10,1.2,41,257,192
107,154,18,1,35,262,197
122,156,9,0.9,33,218,160
125,149,5,0.8,28,191,165
120,68,3,1.4,28,170,157
195,76,3,1.6,36,209,245
150,128,3,1.3,35,198,200
124,132,3,1.1,39,220,163
111,139,2,1,39,174,145
31,43,3,0.6,36,92,46
24,50,5,0.6,37,137,81
31,64,3,0.6,46,106,57
62,92,10,1.1,45,225,160
64,103,8,1.1,45,202,138
80,123,9,1.1,40,208,144
32,49,3,0.6,33,187,125
24,48,3,0.5,40,136,80
25,58,6,0.6,45,177,115
26,35,2,0.6,34,136,80
29,44,4,0.6,39,163,103
35,69,4,0.6,49,166,105
55,92,6,0.9,49,222,157
53,88,5,0.8,32,187,125
57,84,6,0.8,38,200,136
84,119,6,1,40,215,150
104,146,14,1.1,41,231,166
126,169,9,1.1,49,232,167
51,80,3,0.8,58,169,108
107,137,5,1.1,55,218,153
17,38,4,0.4,27,151,93
16,42,4,0.4,36,108,57
23,66,5,0.5,56,130,75
47,107,8,0.7,59,198,135
77,119,7,0.9,54,135,103
74,82,4,1,35,158,98
129,148,4,1.5,58,115,170
64,49,2,1,30,137,86
95,83,3,1.6,45,95,125
20,15,2,0.8,31,85,43
15,35,5,0.6,38,110,58
40,91,5,0.8,61,158,98
86,138,9,1,51,205,141
138,161,12,1.4,39,185,183
150,182,10,1.3,44,168,200
14,30,4,0.3,24,128,73
36,83,5,0.6,49,169,108
63,111,11,1.1,57,170,109
82,124,16,1.4,64,109,109
73,54,4,1,51,84,97
67,96,7,0.8,49,150,92
42,77,3,0.5,48,119,66
18,48,5,0.4,36,80,48
38,91,5,0.6,66,52,70
51,88,4,0.7,61,57,70
62,94,4,0.7,59,130,84
84,119,7,0.9,60,121,111
120,124,5,1.2,53,162,158
100,119,15,1.7,46,111,131
94,108,11,2,59,93,123
48,22,2,1.1,40,19,66
34,40,2,0.8,45,78,48
107,130,3,1.3,53,59,140
124,103,9,1.6,62,50,163
30,36,3,0.6,42,81,43
56,107,8,1.2,67,46,78
51,77,4,0.9,38,65,70
24,52,7,0.6,39,41,51
66,77,4,1,57,24,89
55,51,4,1,46,39,74
89,108,4,1.6,52,19,118
75,48,2,1.1,39,52,100
30,40,2,0.7,30,67,42
25,50,3,0.5,47,69,50
140,181,12,1.3,86,83,185
259,292,10,2.1,102,54,309
331,353,6,2.3,92,74,381
300,269,13,2.4,85,101,350
190,126,7,1.8,61,68,240
6,9,3,0.2,22,55,28
13,31,4,0.3,34,54,31
43,88,8,0.7,61,57,69
43,99,4,0.6,44,67,75
34,94,8,0.6,55,72,72
94,176,11,1.2,104,58,123
152,229,17,2,115,115,202
243,313,12,2.5,119,58,293
198,212,5,1.6,74,56,248
34,81,19,1.2,57,30,66
71,136,11,1.3,75,9,95
118,176,13,1.5,85,24,155
217,265,11,2.1,88,69,267
291,327,6,2.4,87,79,341
59,62,3,0.7,40,63,80
25,61,11,0.7,52,40,56
60,106,12,1,69,33,81
105,161,13,1.3,89,41,138
155,194,17,1.7,99,24,205
152,180,10,2.1,89,14,202
57,86,6,1.1,49,49,78
7,25,4,0.3,23,57,29
24,54,5,0.7,44,69,52
94,134,16,1.4,70,41,124
76,98,7,1.2,51,59,102
9,20,3,0.3,21,63,32
42,68,13,1.2,48,25,59
67,85,10,1.4,55,52,90
58,78,7,1.1,57,55,79
68,87,9,1.3,67,37,91
34,67,4,0.7,31,52,58
5,41,3,0.2,10,68,41
22,45,7,0.7,47,60,45
33,60,15,1,57,38,55
93,137,31,2,84,8,122
75,109,16,1.6,55,51,100
22,41,14,0.7,45,51,41
55,93,28,1.7,69,16,76
218,285,44,3.3,123,6,268
292,360,29,3.7,136,8,342
187,239,21,2.8,111,27,237
31,54,14,0.8,55,37,52
118,166,22,2.4,91,9,155
75,112,16,1.8,72,35,100
136,178,28,2.5,94,15,180
232,288,38,3.6,120,6,282
73,108,12,1.2,57,41,97
79,147,22,1.6,72,26,105
217,297,19,3.4,92,6,267
89,241,9,1.3,40,55,146
10,57,6,0.5,18,53,53
12,21,10,0.7,34,38,21
8,63,6,0.3,14,58,57
7,29,6,0.3,17,60,30
25,45,16,0.8,40,49,45
58,91,33,1.8,69,30,79
49,77,27,1.5,48,50,68
55,80,30,1.3,60,37,76
217,280,65,4.8,108,9,267
127,216,28,2.5,61,59,168
20,38,15,0.6,32,56,38
11,41,8,0.4,22,51,41
42,80,24,1.1,49,33,65
82,123,43,2.1,75,25,108
64,117,27,1.5,44,58,86
7,30,6,0.3,14,54,30
67,111,33,1.6,63,52,90
143,194,79,3.9,93,9,190
31,54,14,1,33,61,52
9,17,10,0.5,24,47,24
15,36,13,0.6,30,48,36
69,114,39,2.1,74,28,93
73,110,49,2.4,77,22,98
12,31,17,0.5,32,57,31
27,43,22,1,53,53,43
115,155,58,3,92,15,150
190,236,70,4.1,125,9,240
121,186,51,2.8,91,45,158
96,165,41,2.8,83,42,126
24,61,22,1,51,41,55
6,46,7,0.3,12,57,46
41,67,24,1.1,50,44,58
51,80,31,1.3,60,38,69
148,193,67,3.2,101,14,197
174,225,75,3.7,120,22,224
107,156,57,2.9,70,67,139
34,51,22,0.8,40,65,51
62,89,38,1.8,64,27,84
124,151,49,3,92,11,163
73,93,32,1.6,61,55,98
147,174,55,2.8,94,32,195
37,55,18,0.9,47,44,53
117,146,43,2.2,72,25,153
156,183,54,2.8,92,14,206
214,251,54,3.1,100,6,264
328,375,34,4.7,111,6,378
112,120,9,1.6,42,63,146
60,71,30,1.2,57,51,81
68,110,30,1.5,52,69,92
43,74,25,1.3,59,64,62
84,108,44,2,74,23,111
19,23,16,0.6,32,62,31
98,121,39,2,80,26,128
206,233,61,3.6,121,13,256
96,145,33,2,70,26,126
134,100,16,1.7,61,25,178
102,106,11,1.7,43,59,134
17,28,14,0.6,29,56,28
37,47,21,1,49,41,52
63,77,22,1.2,41,61,85
12,21,12,0.5,26,63,32
30,42,19,0.8,43,49,42
77,98,41,1.9,67,27,102
139,156,57,2.5,87,15,185
117,79,29,1.9,61,69,153
10,32,9,0.4,20,71,36
27,35,16,0.7,42,70,39
65,78,30,1.8,72,45,88
13,26,10,0.4,22,73,37
24,32,17,0.6,30,71,36
109,127,48,1.9,79,40,142
123,138,47,2.4,94,50,161
41,56,23,1,44,76,58
32,42,16,0.8,44,75,45
121,131,34,2.1,83,49,158
236,239,55,3.2,109,62,286
284,308,78,4.4,113,37,334
121,156,31,2.3,54,69,159
22,41,10,0.5,28,77,41
46,57,18,0.7,31,80,64
218,248,55,1.5,42,60,268
138,29,9,1.4,38,53,183
152,172,9,1.6,32,69,202
42,277,4,0.4,14,73,163
55,114,21,0.8,34,67,82
153,213,34,2.1,59,55,203
77,110,10,1.1,32,80,103
13,26,6,0.4,18,77,39
23,37,13,0.7,30,58,37
123,126,8,1.3,40,33,162
45,90,12,0.9,39,76,70
53,82,17,1.4,44,74,73
8,48,2,0.3,10,76,48
24,41,12,0.6,31,73,41
110,129,47,1.6,59,65,144
195,217,59,2.1,82,57,245
231,246,41,2.4,83,92,281
129,148,22,1.4,53,79,169
7,28,3,0.3,14,79,40
30,45,13,0.8,39,78,45
37,52,13,1,46,75,52
61,79,21,1.2,60,60,83
64,82,21,1.3,60,80,86
97,119,40,1.9,83,42,127
103,198,26,1.7,73,93,135
207,295,33,2,85,67,257
183,222,16,1.7,57,102,233
47,89,12,0.8,50,82,69
81,203,11,1.1,69,72,127
44,199,6,0.5,46,98,124
19,103,4,0.3,28,87,77
20,104,4,0.3,21,87,77
34,84,7,0.7,43,89,67
77,122,29,1.8,68,88,102
123,158,41,1.8,79,107,161
105,155,21,1,56,138,138
83,115,18,0.8,55,128,138
64,277,8,0.5,33,109,163
75,282,17,1.1,67,111,166
148,338,29,1.4,63,129,197
152,191,21,2.3,54,107,202
59,78,5,0.7,49,79,80
35,19,4,0.7,26,88,50
28,40,4,0.6,27,114,62
62,75,5,0.6,36,134,84
53,99,3,0.5,30,104,74
20,32,2,0.3,14,76,38
23,39,4,0.3,23,89,45
96,123,12,0.8,49,99,126
162,190,17,1.2,59,120,212
150,186,9,1.1,62,126,200
141,77,16,1.7,46,130,188
12,26,2,0.3,12,87,44
26,39,3,0.4,22,120,67
54,84,5,0.7,54,114,74
109,286,14,0.9,70,101,168
26,132,3,0.2,13,95,91
67,173,16,0.7,55,100,112
138,273,27,1.5,89,99,182
60,133,6,0.6,30,100,91
67,112,7,0.8,43,127,90
63,129,8,0.6,44,111,90
43,100,8,0.6,49,141,84
54,108,11,0.6,49,115,79
52,155,7,0.6,47,139,103
72,158,12,0.8,64,177,115
98,182,20,1,53,226,161
81,134,12,0.9,46,175,114
43,68,5,0.7,39,134,78
115,136,11,1.3,48,196,150
114,146,11,1.1,43,209,149
125,141,13,1.1,45,171,165
45,68,3,0.6,30,145,88
40,94,2,0.4,24,113,72
23,65,4,0.3,20,119,66
43,94,7,0.5,37,114,72
19,70,3,0.3,24,100,60
42,129,6,0.6,37,119,89
52,115,11,1,37,119,83
39,52,7,1,33,100,55
34,35,4,1.3,46,46,49
24,20,2,0.8,30,84,42
19,44,2,0.5,41,105,54
57,133,4,0.8,66,158,98
20,62,5,0.3,29,108,57
23,47,3,0.4,26,120,67
46,96,8,0.7,43,178,116
126,182,15,1.2,43,165,166
55,93,3,0.5,33,105,75
11,49,2,0.3,16,93,49
16,37,2,0.3,22,116,63
33,84,6,0.5,43,149,91
52,89,12,0.8,41,201,137
95,139,16,1,53,244,179
115,164,16,1.2,56,243,178
101,166,24,1.2,47,281,203
87,149,19,0.9,38,256,191
92,141,11,0.9,33,225,160
116,151,23,1.2,36,197,151
61,94,5,0.8,42,164,104
54,90,6,0.8,39,200,136
55,102,15,0.9,44,218,153
88,166,14,1,46,224,159
30,63,4,0.5,26,163,103
32,101,6,0.5,36,128,75
51,90,7,3.4,55,96,70
49,52,5,6.8,45,65,68
25,62,3,5,32,135,79
14,32,4,2.6,30,86,43
18,35,4,0.5,35,123,69
49,87,15,1.1,49,197,134
75,74,4,1.1,34,154,100
20,25,3,0.6,21,96,48
8,22,3,0.4,22,87,44
11,27,3,0.4,18,118,65
19,37,3,0.5,29,158,98
85,121,15,1.2,40,231,166
104,144,12,1.2,50,242,177
42,67,3,0.8,36,189,126
19,32,2,0.5,28,103,53
14,33,2,0.5,24,70,35
23,39,2,0.6,37,163,103
41,73,5,0.6,39,201,137
90,117,16,1.1,38,228,163
181,178,15,1.7,39,238,231
121,123,9,1.1,43,190,159
125,111,6,1,51,128,164
106,23,2,0.9,24,200,139
89,51,4,0.8,32,182,120
148,57,8,1.2,34,219,197
118,39,5,1.1,42,178,154
15,20,2,0.4,27,102,52
18,38,3,0.4,34,82,41
8,20,4,0.3,28,92,46
24,60,11,0.9,34,178,116
33,59,6,0.7,45,150,92
62,71,9,1,36,225,160
69,76,10,1.1,33,221,156
67,86,7,0.9,32,225,160
125,132,8,1.1,35,240,175
72,92,11,0.8,37,237,172
50,82,9,0.7,32,210,145
103,126,10,1.1,35,246,181
108,158,5,0.9,46,267,200
49,84,3,0.6,43,241,176
35,65,4,0.6,30,212,147
34,62,3,0.6,47,142,85
37,47,2,0.7,29,105,54
35,43,2,0.8,32,91,50
47,30,2,0.8,26,134,78
66,33,2,0.9,32,124,89
89,144,2,0.9,33,142,118
133,0,2,1.1,33,151,176
62,55,2,0.7,35,171,110
41,54,2,0.8,48,123,70
50,77,2,0.9,46,201,138
90,108,3,1,38,223,158
104,123,4,1,33,216,151
75,133,3,0.9,33,192,130
52,76,2,0.8,30,169,109
86,55,2,0.9,35,201,138
44,52,2,0.9,28,129,75
26,41,2,0.7,26,142,85
67,72,3,1.3,47,100,90
74,88,2,1.2,27,162,102
60,33,4,1.1,33,101,82
21,54,4,0.5,32,171,110
64,102,3,1,40,189,127
58,95,2,0.8,31,180,119
90,0,4,1.1,33,167,119
40,72,3,0.7,34,171,110
53,85,3,0.8,37,217,152
42,80,2,0.7,38,173,112
91,128,6,1.4,36,240,175
81,129,4,1,36,226,161
120,160,7,1.3,41,275,202
58,95,4,0.8,35,180,119
22,54,3,0.6,36,135,80
38,89,6,0.7,40,270,201
80,161,8,1,40,209,145
48,82,3,0.8,34,147,90
51,65,2,0.8,38,156,97
33,51,2,0.6,26,160,100
14,37,2,0.4,25,152,94
17,38,4,0.6,20,107,56
21,33,4,0.8,23,103,53
13,28,2,0.5,22,106,55
14,27,2,0.5,23,99,50
12,27,2,0.4,23,113,61
12,26,2,0.4,25,111,60
16,38,3,0.5,24,124,70
28,48,2,0.6,21,179,118
28,32,2,0.9,25,128,74
25,29,2,0.7,25,73,37
11,20,2,0.5,20,67,34
10,19,2,0.4,20,87,44
15,30,2,0.5,19,128,74
46,0,3,1.5,26,101,64
18,20,2,0.7,23,88,44
17,34,2,0.5,30,115,63
25,44,3,0.7,38,140,84
52,82,6,0.9,53,164,104
32,50,3,0.7,40,94,50
8,14,2,0.4,29,41,37
9,16,2,0.4,26,69,35
9,24,2,0.4,27,68,34
20,51,3,0.6,45,105,57
66,105,10,0.9,58,145,89
105,134,13,1.2,62,204,140
128,152,8,1.2,62,180,169
151,166,10,1.3,69,181,201
76,77,3,0.9,49,110,102
23,51,3,0.6,55,95,69
86,112,9,1,51,146,114
101,134,17,1.3,67,176,133
135,0,10,1.5,60,108,179
32,60,2,0.7,45,98,57
94,102,4,1.2,53,121,124
22,44,3,0.6,39,82,49
34,72,7,0.7,48,128,74
48,85,3,0.7,58,113,73
49,62,4,1.3,46,59,68
44,0,3,1.1,45,20,62
30,0,3,0.7,38,48,48
14,29,2,0.3,25,65,33
30,68,3,0.6,47,88,59
28,69,4,0.7,49,85,62
114,155,10,1.3,77,125,149
222,244,9,1.7,80,180,272
293,327,7,2,84,200,343
260,83,8,1.8,76,128,310
11,28,2,0.3,23,70,35
16,39,3,0.4,29,64,39
8,23,2,0.3,17,54,27
10,25,2,0.3,21,73,37
18,47,3,0.5,48,70,60
35,73,6,0.8,67,68,84
103,147,16,2,96,66,135
109,147,9,1.4,91,123,143
203,236,13,2.1,111,159,253
294,0,13,2.5,119,97,344
46,68,7,0.8,41,50,64
57,103,6,0.9,61,46,78
74,113,9,1.4,65,15,99
51,77,2,0.9,41,28,70
29,49,2,0.7,43,25,54
54,77,3,0.9,53,45,74
55,76,6,1,53,51,75
37,84,10,0.9,59,23,74
28,75,2,0.5,29,51,63
15,48,3,0.5,37,52,48
8,20,3,0.3,24,57,30
7,22,3,0.3,20,59,30
25,52,4,0.7,46,44,58
43,70,5,0.8,58,42,73
72,106,7,1,78,39,98
76,116,8,1.4,78,44,102
149,181,16,1.9,90,63,199
210,0,15,2,108,29,260
110,0,6,1,53,26,144
20,9,2,0.5,29,38,37
19,0,2,0.5,29,41,37
60,89,3,0.9,46,37,82
124,0,4,1.6,56,7,163
132,0,4,1.6,55,5,175
104,0,4,1.9,55,11,137
155,136,6,2.5,60,3,205
208,188,15,3.1,70,4,258
274,298,17,3.6,83,11,324
196,0,13,3.2,70,31,246
58,85,10,1.5,52,18,79
60,86,7,1.5,45,21,82
68,90,7,1.1,45,9,92
76,0,4,1.7,45,2,102
65,0,9,2.3,43,3,88
43,0,7,2.1,41,4,60
50,0,7,1,39,33,69
27,37,10,0.7,28,51,39
45,0,8,1.1,52,41,65
50,22,9,1.1,37,52,69
38,60,11,0.9,37,56,55
214,245,36,2.9,93,15,264
258,254,44,4,102,13,308
252,0,38,4.9,108,21,302
343,550,24,6,124,11,450
464,454,35,7.9,133,9,476
7,22,3,0.3,16,47,24
10,33,5,0.4,16,47,33
31,58,12,0.9,43,46,54
49,85,17,1.4,61,40,77
132,162,32,2.8,88,11,175
180,199,36,3.5,93,9,230
245,246,20,4.3,92,7,295
244,10,32,3.6,94,9,294
96,47,15,1.8,52,55,127
48,86,15,1.4,60,35,75
130,174,23,2.8,86,12,172
179,219,39,3.9,98,12,229
157,27,16,2.7,75,44,207
7,13,3,0.4,16,56,28
8,14,4,0.5,18,45,23
62,91,18,1.6,62,26,84
58,85,18,1.8,64,35,80
127,155,29,3,87,12,168
199,194,27,3.6,101,10,249
230,284,23,4.1,104,12,280
297,427,29,5.3,103,10,347
255,298,21,4.7,104,32,305
159,275,18,2.7,80,40,209
477,510,12,7.3,141,13,485
265,381,9,4.9,102,10,315
49,100,13,1.2,53,24,75
114,175,23,2.3,79,16,149
279,338,34,4.4,119,9,329
78,39,11,1.5,54,56,104
66,128,16,1.8,72,25,90
176,199,33,3.4,106,12,226
266,299,35,4.6,124,16,316
247,296,20,3.5,83,22,297
37,23,6,0.9,33,59,53
34,76,11,0.9,38,50,63
25,40,10,0.9,35,54,44
13,22,6,0.6,28,54,35
35,55,13,0.9,43,51,54
76,102,23,1.9,74,26,102
46,61,20,1.5,55,35,69
11,22,6,0.6,25,59,32
14,27,8,0.7,30,55,38
26,48,14,1,49,47,62
73,98,27,1.9,73,40,98
100,127,33,2.6,84,25,132
123,137,44,2.5,71,15,162
37,25,9,0.8,29,68,53
10,45,4,0.5,18,62,45
62,90,23,1.7,62,39,84
117,141,56,3.4,78,11,153
131,130,28,2.7,68,12,173
13,33,4,0.6,16,65,33
9,47,4,0.6,12,63,47
13,47,6,0.6,24,60,47
28,48,17,0.8,43,50,54
35,62,18,0.8,37,58,56
98,112,38,2.2,79,27,129
121,139,44,2.3,80,37,159
62,80,36,1.8,55,28,84
50,65,21,1.3,48,40,69
18,26,10,0.6,30,66,38
13,24,9,0.6,32,68,40
29,40,16,0.9,49,55,62
35,48,19,1.2,55,43,69
13,24,8,0.5,23,71,36
10,32,6,0.4,16,76,38
31,45,14,0.8,36,70,45
50,85,23,0.9,38,74,69
188,263,53,1,37,74,238
43,53,20,1.1,41,82,60
97,115,50,2.5,65,50,128
152,168,42,3,68,26,202
144,100,18,2.2,54,41,192
9,14,5,0.3,12,68,34
7,16,3,0.4,11,72,36
7,46,4,0.3,14,71,46
8,36,5,0.3,18,76,38
46,44,16,1.1,48,73,64
14,32,5,0.4,22,83,42
15,33,5,0.5,26,79,40
16,24,6,0.5,22,79,40
81,107,26,1.5,57,55,108
68,74,16,1.1,40,80,92
11,18,5,0.4,17,81,41
26,49,9,0.7,35,70,49
25,44,10,0.7,36,61,45
36,60,14,0.8,40,69,55
22,35,9,0.6,36,71,45
31,48,7,0.8,33,79,48
35,47,12,0.7,42,70,53
120,136,30,1.9,85,50,158
162,190,32,2.5,110,62,212
283,283,46,3.5,119,50,333
315,414,47,4.3,113,22,365
58,290,3,0.4,23,78,170
73,182,28,1.6,68,41,116
34,89,10,0.9,33,84,70
10,25,3,0.4,16,77,39
10,26,4,0.4,16,73,37
11,49,4,0.4,18,75,49
24,52,8,0.6,36,76,51
110,138,40,1.8,82,44,144
30,48,9,0.6,32,92,48
77,118,21,1.3,64,72,103
143,198,47,1.6,79,56,190
250,261,38,2.2,89,120,300
288,298,31,2.3,103,106,338
177,55,12,1.4,64,112,227
65,113,17,1,44,76,88
66,113,10,1,62,86,89
124,179,21,1.2,80,116,163
105,207,25,1.4,75,68,138
16,37,4,0.5,26,85,43
13,24,3,0.4,31,87,44
17,38,4,0.5,38,89,48
12,29,4,0.4,27,90,45
17,47,4,0.4,35,92,47
70,195,16,0.8,66,77,123
19,74,5,0.4,33,96,62
30,76,9,0.6,42,93,63
149,239,33,1.4,73,118,199
35,135,6,0.4,26,95,93
9,28,3,0.2,16,86,43
20,54,3,0.3,26,93,52
77,114,12,0.6,48,121,103
113,146,19,1,52,142,148
144,182,30,2,71,96,192
81,112,4,1,43,90,108
25,92,5,0.4,32,97,71
73,245,11,0.7,55,95,148
54,192,13,0.8,43,95,121
41,103,9,0.6,42,89,77
79,104,6,0.8,58,76,105
120,134,7,1,64,104,158
32,101,4,0.3,28,108,76
59,107,16,1,58,91,80
16,35,2,0.3,16,91,46
19,39,3,0.3,25,100,50
73,104,20,1.3,65,64,98
68,102,8,0.9,44,121,92
96,165,7,0.9,58,124,127
33,97,2,0.3,23,108,74
23,58,4,0.3,30,97,54
85,149,22,0.9,53,152,113
90,141,14,0.7,34,172,119
71,124,26,1.4,44,141,95
91,134,9,1.1,62,115,120
81,100,7,1,49,184,122
127,160,17,1.4,65,185,168
159,168,10,1.4,58,232,209
184,166,26,2.3,43,236,234
50,103,2,0.5,20,138,82
23,70,2,0.4,29,101,60
29,59,4,0.5,49,121,68
62,153,14,0.9,43,129,102
57,182,2,0.2,13,100,116
23,55,3,0.3,29,128,74
60,103,15,0.7,44,156,97
36,64,4,0.5,39,116,64
43,76,4,0.5,36,160,100
150,166,12,1.1,36,177,200
34,45,3,0.5,28,114,62
32,60,6,0.6,43,127,73
41,33,3,0.5,35,84,58
34,33,2,0.5,36,87,49
24,59,3,0.5,43,129,75
58,104,11,0.6,52,227,162
61,101,9,0.5,35,197,134
86,118,15,0.8,38,249,184
88,110,20,1.1,49,236,171
68,83,18,0.8,47,215,150
49,87,8,0.7,51,206,142
61,106,14,0.9,45,153,95
19,44,3,0.4,28,129,75
13,31,3,0.3,25,119,66
22,61,2,0.3,31,115,63
48,104,12,0.6,50,184,122
48,87,10,0.7,38,201,138
33,76,5,0.5,30,153,95
82,147,16,1.1,51,283,204
45,115,11,0.8,36,201,138
37,73,6,0.7,42,168,108
53,88,9,0.8,51,221,156
82,125,21,1.2,61,225,160
87,127,16,0.9,38,244,179
71,98,14,0.9,38,226,161
87,119,7,0.9,32,254,189
60,0,2,0.8,25,189,127
129,129,3,1.2,36,223,170
106,140,7,1,33,218,153
52,32,2,0.6,20,185,123
12,30,2,0.4,25,116,64
71,100,7,1,33,210,146
47,0,2,0.6,28,155,96
35,44,2,0.6,26,95,50
19,40,2,0.5,30,150,92
26,59,2,0.6,47,148,90
24,56,2,0.6,47,103,59
42,72,4,0.7,44,209,145
65,98,5,0.8,39,213,149
85,101,5,1,28,231,166
85,89,2,0.9,30,240,175
56,85,2,0.7,32,214,150
76,102,6,1.1,38,178,117
13,30,2,0.6,30,123,70
18,38,2,0.4,32,110,59
41,77,5,0.5,42,203,140
60,88,7,0.7,39,157,98
73,0,2,0.7,32,118,98
111,0,2,0.9,33,166,145
60,57,2,0.7,33,192,130
14,32,2,0.4,25,138,82
47,71,3,0.7,38,180,119
83,108,8,1,43,200,137
131,110,5,1.2,32,216,173
96,104,5,1,30,226,161
74,106,5,0.9,35,220,155
110,125,8,1.2,33,242,177
91,104,5,1.2,34,210,146
83,93,4,0.8,32,207,143
91,86,4,0.8,28,200,137
86,98,7,0.7,29,191,129
29,54,4,0.6,29,94,52
20,43,3,0.5,32,173,112
35,0,4,0.8,42,135,80
36,40,2,0.7,30,77,52
38,53,3,0.8,40,82,54
79,97,3,1.1,42,219,154
106,130,4,1.3,52,137,139
101,0,2,1.3,44,53,133
33,7,2,0.7,18,57,48
28,39,2,0.8,27,53,40
75,81,2,1.1,32,154,100
120,174,2,1.2,34,180,158
73,118,3,0.9,34,194,131
40,38,3,0.8,29,108,57
21,48,3,0.6,24,151,93
47,0,2,0.7,35,233,168
50,81,2,0.7,31,190,128
120,139,2,1.3,30,217,158
129,48,2,1.6,32,87,170
56,82,2,1,32,102,77
71,100,3,1.3,30,169,109
49,58,2,1,31,155,96
59,80,3,1,35,218,153
101,114,2,1.4,33,220,155
66,88,3,0.8,29,163,103
98,96,2,1,32,162,129
20,34,2,0.6,19,122,69
32,48,3,0.8,26,154,95
46,70,6,1.2,37,198,135
84,97,3,0.9,27,158,112
86,100,3,0.9,29,156,114
58,73,4,0.9,38,72,79
22,35,3,0.7,40,45,50
22,48,3,0.6,38,164,104
20,42,2,0.6,29,89,45
24,41,2,0.6,32,155,96
64,0,3,1,58,47,87
74,0,2,1.6,42,43,99
19,42,2,0.9,25,120,67
54,70,2,1,38,197,134
54,74,3,1,40,244,179
50,66,4,0.9,32,163,103
71,91,6,0.9,42,135,95
82,110,3,1.1,48,133,109
17,23,2,0.4,24,67,34
11,29,2,0.4,33,90,45
15,39,3,0.4,38,81,48
12,32,2,0.3,34,92,46
19,47,3,0.5,45,119,66
30,65,3,0.6,48,169,109
16,37,3,0.5,40,88,50
8,31,3,0.3,31,72,39
12,34,2,0.4,31,56,39
21,45,2,0.5,35,143,86
79,0,5,1,44,166,106
28,58,2,0.5,33,94,54
40,65,5,0.7,41,144,87
23,46,2,0.6,44,105,55
18,39,3,0.5,42,68,53
17,44,3,0.5,43,92,54
32,48,2,0.8,29,117,65
34,51,2,0.8,38,126,72
89,98,3,1.1,53,137,118
99,102,4,1.1,50,174,130
79,100,4,0.9,42,172,111
130,125,4,1.1,39,187,172
40,0,2,0.8,37,49,57
23,22,2,0.6,33,18,42
12,29,2,0.4,35,74,44
21,44,3,0.5,47,95,59
68,117,5,1,77,44,97
104,129,7,1.1,59,113,137
127,172,3,1.2,49,182,168
119,203,4,1.1,54,174,156
161,193,4,1.5,49,96,211
59,109,2,1.2,46,61,80
23,29,2,0.6,24,59,33
16,38,3,0.4,40,58,50
53,90,5,0.7,60,95,75
103,138,7,0.9,76,145,135
170,202,11,1.3,86,118,220
183,201,6,1.4,72,132,233
121,140,3,1.1,58,132,159
31,44,3,1.1,37,34,47
61,91,2,1.2,42,57,83
71,0,4,1.6,48,11,95
39,17,2,1.6,43,15,55
13,29,2,0.5,26,60,33
33,64,4,0.7,53,33,67
92,127,10,1.2,79,31,122
114,130,8,1.4,65,62,149
80,102,6,1.2,64,51,107
156,189,5,1.6,75,78,206
242,258,6,2,93,73,292
186,226,4,1.9,88,4,236
117,137,3,1,58,55,153
63,101,2,0.9,53,61,85
122,158,6,1.8,72,10,160
228,228,5,2.3,83,38,278
87,0,6,1.4,54,27,115
43,0,2,0.8,39,33,60
15,25,2,0.6,30,36,38
28,52,4,0.6,44,38,55
64,113,3,1.2,58,4,87
101,135,3,1.5,74,8,133
42,88,4,0.8,50,46,69
30,66,5,1,50,11,63
11,29,2,0.4,30,58,38
26,62,4,0.6,47,42,59
44,81,5,0.8,42,54,66
9,25,4,0.3,19,57,29
45,74,9,0.7,55,37,69
107,149,10,1.5,82,23,140
193,241,9,2.6,104,11,243
242,271,6,3.4,119,12,292
180,203,5,3.1,95,36,230
71,97,10,1.2,56,40,95
37,43,3,0.8,39,50,53
39,71,7,0.8,53,36,67
158,194,14,2.5,86,5,208
149,178,8,1.8,70,15,199
83,124,7,1.7,65,16,110
75,124,10,1.5,66,28,100
100,165,11,2.3,72,4,132
39,73,4,0.9,35,61,62
45,84,13,1.5,63,23,79
100,147,16,2.2,80,21,132
114,165,22,2.5,70,6,149
192,280,19,3.7,87,3,242
125,133,9,1.8,65,49,165
51,0,4,1.1,41,25,70
10,21,3,0.4,15,60,30
8,21,4,0.4,21,55,28
19,33,8,0.6,35,43,44
76,107,18,1.5,70,25,102
164,205,24,2.6,97,8,214
265,361,22,3.5,117,13,315
49,80,7,0.9,45,58,68
63,101,18,1.7,77,16,97
98,146,26,2.6,81,4,129
88,128,15,2.1,67,53,117
33,56,9,0.8,48,57,60
98,131,19,2.1,85,17,129
209,272,24,3.4,113,10,259
252,284,18,3.6,104,17,302
43,50,8,1,43,61,60
84,128,21,2.3,92,11,112
129,169,23,2.7,100,15,170
86,119,11,1.7,53,66,114
25,45,9,0.8,43,48,54
49,74,14,1.4,64,24,80
169,204,35,3.5,101,8,219
221,240,39,3,103,15,271
49,32,9,1.2,50,43,68
28,51,11,0.8,46,43,58
27,53,10,0.9,43,59,54
114,149,22,2.2,92,14,149
196,224,32,3.3,104,11,246
221,239,25,3.5,102,14,271
223,253,22,4.1,111,14,273
376,415,8,8,135,6,418
396,415,12,8,155,9,431
58,57,6,1.3,35,59,79
34,65,9,0.8,49,39,62
122,152,26,2.7,90,10,160
146,168,30,2.8,96,5,195
41,45,15,0.9,47,50,59
42,63,9,0.9,45,51,59
64,64,10,1.1,42,45,87
65,94,12,1.1,53,31,88
212,255,19,3.3,100,8,262
301,356,21,4.6,129,8,351
454,512,8,6.7,141,6,470
198,190,13,3.8,102,41,248
311,339,17,6,153,19,361
364,389,19,7.6,153,15,410
223,222,16,5.8,115,12,273
199,183,23,4.6,110,13,249
167,128,18,3.4,83,10,217
34,20,10,0.9,34,55,49
36,43,7,0.8,40,49,52
25,39,8,0.7,36,63,45
58,79,19,1.6,75,18,94
41,59,12,0.9,50,49,63
8,21,6,0.4,23,68,34
20,39,11,0.9,45,50,57
53,70,11,1,50,31,73
96,108,19,1.8,68,9,127
137,142,21,2.2,75,19,182
38,51,11,0.9,52,39,65
45,86,14,1.2,37,72,68
25,37,9,0.8,36,59,45
24,46,9,0.7,29,72,46
26,36,12,0.8,42,50,53
36,46,14,1.1,50,46,63
90,101,29,2.1,77,29,119
178,177,39,3.3,95,29,228
155,164,26,2.6,62,72,205
78,111,24,0.8,31,76,104
345,426,84,2.7,71,21,395
30,65,8,0.6,15,70,58
29,35,11,0.6,22,72,42
77,84,27,1.3,43,61,103
38,57,16,0.7,29,70,54
83,98,30,1.6,63,50,110
166,179,45,2.7,87,49,216
245,240,48,3.2,94,55,295
12,14,7,0.5,25,85,43
15,26,8,0.5,31,71,39
80,93,21,1.6,62,39,107
30,44,7,0.7,25,78,44
7,20,3,0.3,12,83,42
7,23,3,0.3,17,85,43
53,80,21,0.9,49,75,73
107,139,42,2.4,81,41,140
85,107,25,2.1,70,67,113
185,188,32,3,101,20,235
243,220,38,3.2,112,52,293
100,95,18,1.4,53,71,132
24,41,8,0.5,32,78,41
88,124,27,1.6,77,50,117
94,139,23,1.2,59,84,124
13,34,5,0.5,27,76,38
62,74,15,1.2,59,34,84
76,64,7,1,40,73,102
19,30,7,0.6,36,79,45
25,37,9,0.7,47,76,59
11,22,6,0.5,32,85,43
29,47,10,0.8,54,71,68
67,96,17,1.5,80,56,100
14,28,6,0.5,34,88,44
8,37,3,0.3,13,93,47
40,80,13,0.9,54,67,68
82,138,23,1.5,68,59,109
87,108,26,1.6,74,81,115
12,30,4,0.4,19,84,42
17,43,6,0.6,34,81,43
7,23,3,0.3,15,80,40
10,30,3,0.4,24,90,45
13,35,4,0.5,39,92,49
34,65,12,0.8,64,85,80
44,80,15,0.8,48,87,65
7,27,3,0.3,13,91,46
11,28,5,0.4,32,87,44
21,52,8,0.6,43,86,54
65,96,22,1.1,69,77,88
115,156,25,1.4,88,81,150
125,162,19,1.1,71,77,165
146,162,16,1.2,68,135,195
222,217,33,2.1,81,145,272
137,126,19,1.4,75,60,182
87,123,7,0.9,48,100,115
140,178,19,1.3,81,76,186
121,90,6,1.6,60,58,159
60,31,2,1,49,49,82
34,28,3,0.8,36,88,49
12,27,3,0.3,23,88,44
17,34,3,0.4,37,93,47
60,93,9,0.7,54,118,82
118,141,11,0.9,65,109,155
86,129,16,1.2,57,83,114
20,42,4,0.4,34,92,46
31,78,7,0.6,52,86,65
68,112,14,1.1,72,96,92
125,170,21,1.2,78,158,165
130,147,20,1.1,62,100,172
61,57,5,0.6,30,132,83
98,106,6,0.9,47,135,129
76,120,8,0.8,48,74,102
76,136,7,0.9,60,63,102
64,100,7,0.9,46,95,87
66,119,9,0.8,59,92,89
26,66,3,0.4,35,99,58
30,94,5,0.6,53,93,72
54,135,14,1.1,66,79,93
60,136,6,0.9,67,98,93
36,86,5,0.5,52,117,68
97,176,17,1,72,107,128
123,210,8,0.9,56,94,162
24,80,2,0.3,23,98,65
45,122,7,0.8,71,35,89
36,88,3,0.7,44,91,69
19,58,2,0.3,23,103,54
44,122,8,0.5,44,120,86
24,72,4,0.4,24,113,61
31,79,5,0.5,31,110,65
13,39,3,0.3,26,76,39
14,38,3,0.3,30,102,52
15,49,2,0.3,36,105,55
23,64,3,0.4,40,120,67
40,103,3,0.4,43,124,77
48,158,5,0.5,44,136,104
39,111,8,0.7,46,124,81
64,132,10,0.9,54,191,129
69,107,9,0.8,47,119,93
34,94,3,0.4,38,114,72
28,75,5,0.4,41,138,82
56,113,8,0.6,55,166,106
43,93,7,0.5,26,164,104
39,69,4,0.5,32,140,84
31,134,3,0.3,33,105,92
45,170,5,0.4,26,141,110
19,67,2,0.3,18,90,59
12,35,2,0.3,16,126,72
23,62,7,0.6,26,137,81
43,90,10,0.6,30,191,129
62,133,10,0.8,39,252,187
86,152,11,0.9,52,276,203
85,150,11,0.8,44,258,193
57,122,8,0.8,40,235,170
57,94,12,0.9,27,174,113
37,46,7,1.1,37,53,53
18,32,2,0.4,34,133,78
17,54,3,0.4,45,143,86
22,83,5,0.5,39,156,97
45,97,9,0.6,51,212,148
69,117,21,1.3,47,256,191
87,135,17,1.4,36,255,190
28,88,8,0.7,27,107,69
42,70,2,0.7,39,157,98
65,104,4,0.8,45,202,139
23,57,4,0.6,30,181,120
23,65,12,1,40,75,58
29,56,5,0.7,38,137,81
48,93,11,0.6,51,201,138
65,115,17,0.9,61,209,145
37,32,2,0.5,25,94,53
47,50,4,0.6,32,151,93
25,54,2,0.6,55,120,69
29,90,5,0.6,51,209,145
21,69,11,0.7,34,135,80
33,85,7,0.7,49,181,120
34,78,17,1.1,45,144,87
40,62,5,0.8,44,147,90
37,60,3,0.6,48,182,120
38,95,4,0.6,54,220,155
59,131,7,0.7,41,225,160
82,159,12,0.9,37,264,199
70,124,11,0.8,31,252,187
37,70,3,0.6,27,216,151
32,64,3,0.6,26,219,154
48,79,8,0.9,28,220,155
33,29,2,0.8,25,102,52
19,12,2,0.7,20,101,51
21,26,2,0.5,23,117,65
26,43,2,0.5,33,163,103
24,44,2,0.5,39,195,132
70,96,7,0.8,40,265,200
98,125,8,1.2,43,248,183
52,77,3,0.8,34,201,138
72,113,3,0.8,39,262,197
89,132,5,1,42,256,191
88,108,7,1,33,246,181
61,72,3,0.8,30,182,120
48,51,3,0.8,39,152,94
82,80,3,1,38,198,135
70,79,4,1.4,32,92,94
32,38,3,0.7,20,174,113
41,61,2,0.7,31,221,156
73,94,3,1,29,234,169
25,55,2,0.5,34,193,130
48,94,4,0.8,44,308,209
74,132,4,0.9,41,251,186
63,90,3,0.8,25,193,130
34,63,3,0.7,34,186,124
40,45,3,0.9,27,152,94
67,83,3,1.1,34,234,169
54,68,3,1.1,28,179,118
60,61,3,1.1,27,145,88
75,74,3,0.8,25,167,107
99,105,3,1,31,170,130
22,23,2,0.7,27,99,50
23,34,2,0.6,31,76,39
44,59,2,0.7,39,104,62
40,54,2,0.8,41,44,57
32,52,4,0.8,34,135,80
22,34,3,0.7,32,84,42
40,66,3,1,48,111,60
28,56,3,0.7,44,122,69
31,58,2,0.7,38,147,90
38,66,3,0.7,35,188,126
80,101,3,1,36,259,194
66,72,2,0.9,30,143,89
34,42,4,1.1,25,87,49
23,57,3,0.6,21,146,89
21,43,3,0.6,38,168,108
27,57,3,0.6,34,194,131
17,34,2,0.5,31,133,78
11,35,3,0.4,31,146,89
29,69,3,0.7,39,216,151
24,34,2,0.6,27,158,99
65,83,3,0.8,33,186,124
88,95,3,1.1,38,137,117
31,35,3,0.8,38,84,48
40,47,2,0.9,37,96,57
28,39,2,0.8,27,149,91
55,75,2,0.9,32,163,103
56,67,3,0.9,37,137,81
23,35,2,0.7,28,148,90
53,68,3,1.2,55,119,73
42,43,2,1,33,123,70
60,69,3,1.2,38,154,95
72,94,2,1.1,39,192,130
72,81,3,0.9,35,94,97
20,32,2,0.7,28,106,55
13,37,3,0.5,38,84,48
10,38,3,0.4,39,77,49
15,56,3,0.5,49,51,62
17,26,3,0.5,28,76,38
19,23,3,0.5,28,66,35
17,50,3,0.5,37,84,50
52,87,4,0.8,44,145,88
83,99,2,0.9,35,115,110
139,145,3,1.5,41,139,185
103,105,3,1.1,34,137,135
58,81,4,0.8,32,156,97
88,107,4,0.9,36,155,117
39,85,3,0.7,37,83,68
16,53,3,0.5,41,121,68
48,105,3,0.8,49,202,139
118,152,4,1.2,43,247,182
101,119,7,1.7,33,175,133
86,107,2,1.1,41,82,114
20,43,2,0.5,41,85,52
23,65,2,0.5,48,118,65
74,125,5,1.1,59,183,121
85,118,4,1,52,153,113
60,102,4,0.9,64,117,82
91,124,4,1.1,63,149,120
11,47,3,0.4,36,86,47
23,73,3,0.6,58,129,75
13,48,3,0.5,47,81,59
14,58,3,0.4,50,90,63
59,124,8,1,79,134,99
23,94,2,0.4,41,81,72
50,192,7,0.9,75,101,121
64,157,4,1,63,142,104
76,127,8,1.5,47,131,102
48,77,2,0.7,43,55,67
28,61,4,1,49,28,62
10,37,3,0.3,30,64,38
45,103,5,0.8,73,65,92
113,154,4,1.1,69,110,148
69,89,2,0.7,49,81,93
13,43,3,0.5,35,34,44
16,39,2,0.4,35,51,44
30,62,4,0.5,40,69,56
55,78,5,0.7,41,86,75
67,88,5,0.8,50,87,90
114,128,3,1.2,75,14,149
123,102,2,1.3,69,7,162
29,24,3,0.6,30,35,42
6,7,3,0.3,20,37,25
11,20,3,0.4,29,44,37
22,37,2,0.5,40,39,50
38,54,2,0.8,50,49,63
15,33,2,0.6,43,20,54
50,53,3,1,42,45,69
41,54,3,0.9,42,56,58
70,77,3,1.2,50,47,94
69,44,2,1.2,47,27,93
56,40,2,1.2,39,54,77
98,79,2,1.4,48,55,129
73,71,3,1.3,38,70,98
39,48,5,1,45,25,57
36,43,2,0.7,39,50,52
70,72,3,1,47,64,94
110,92,3,1.3,56,34,144
153,123,3,1.6,69,24,203
170,123,3,1.6,68,44,220
43,55,2,0.6,27,55,60
8,23,3,0.4,28,56,35
19,44,3,0.5,47,43,59
62,105,5,1,73,9,92
65,100,3,1,79,29,99
52,87,6,0.9,57,55,72
8,28,2,0.3,31,60,39
38,64,5,0.8,55,45,69
101,120,6,1.3,71,36,133
152,144,5,1.5,71,53,202
81,99,3,0.9,44,64,108
20,45,6,0.8,52,29,65
53,94,6,1.4,65,20,82
7,37,2,0.3,15,57,37
18,38,4,0.4,37,35,47
56,93,6,1,64,14,80
26,71,3,0.6,31,60,61
11,32,3,0.4,27,61,34
16,38,3,0.5,38,58,48
58,87,10,1.3,73,20,92
22,58,4,0.6,31,64,54
40,62,7,0.6,36,59,57
89,118,9,1.3,73,16,118
105,129,10,1.8,86,28,138
119,158,12,1.8,86,47,156
7,31,3,0.3,18,61,31
7,29,3,0.4,21,54,29
22,50,7,0.6,35,50,50
39,74,7,1,59,26,74
12,30,3,0.4,26,61,33
70,96,10,1.4,72,13,94
37,76,4,0.8,38,64,63
14,36,4,0.5,36,43,45
26,52,7,0.7,44,58,55
73,106,11,1.3,71,25,98
152,188,17,2.3,108,11,202
48,58,6,0.8,39,63,67
6,22,2,0.4,18,60,30
25,51,6,0.7,49,44,62
23,52,7,0.8,42,58,53
9,28,5,0.4,21,51,28
23,48,6,0.8,49,38,62
34,63,9,1,59,25,74
7,46,3,0.3,15,69,46
6,21,3,0.3,17,66,33
14,27,5,0.5,33,36,42
32,50,8,0.9,54,22,68
74,87,19,1.8,71,14,99
33,55,7,0.8,34,59,53
8,39,3,0.3,13,64,39
28,52,7,0.8,54,38,68
12,47,4,0.4,21,63,47
37,72,9,0.8,52,36,65
20,43,5,0.6,42,65,53
53,77,13,1.3,78,20,98
36,61,9,1,57,62,72
32,57,11,1.1,63,19,79
13,49,4,0.4,16,73,49
31,50,10,0.7,49,43,62
25,44,7,0.7,48,47,60
76,89,11,1.5,71,14,102
109,110,13,1.9,70,18,143
175,168,6,2.9,86,6,225
111,118,5,2,62,52,145
32,67,6,0.9,51,35,64
33,61,10,1.1,48,41,60
27,49,7,0.9,35,50,49
11,28,5,0.4,23,55,29
15,29,5,0.5,35,42,44
32,53,9,1,55,39,69
16,29,6,0.6,41,53,52
38,57,11,0.9,47,55,59
12,60,4,0.3,12,66,55
7,34,3,0.3,14,69,35
6,20,3,0.3,10,69,35
12,23,5,0.5,27,60,34
59,79,12,1.4,75,23,94
104,120,16,1.8,86,18,137
132,137,14,1.8,77,45,175
32,57,9,1,51,46,64
45,178,6,0.8,46,60,114
41,103,9,1.1,53,67,77
62,104,12,1.3,81,21,101
80,121,15,1.6,80,40,107
31,75,9,0.9,52,35,65
36,76,21,1.3,48,32,63
22,46,5,0.7,28,71,46
11,30,4,0.5,17,66,33
17,31,6,0.5,31,71,39
9,22,4,0.4,29,68,37
27,39,8,0.7,46,45,58
81,92,15,1.5,74,16,108
11,65,3,0.4,16,72,58
8,60,4,0.4,21,73,55
11,36,6,0.4,26,74,37
22,73,7,0.5,32,71,62
30,84,11,0.8,39,70,67
8,29,5,0.4,12,74,37
8,20,5,0.4,22,70,35
19,35,9,0.6,35,60,44
7,18,3,0.3,16,73,37
46,60,14,0.9,56,47,70
32,51,9,0.7,34,83,51
52,75,12,1,58,53,73
40,108,9,0.8,35,81,79
10,43,3,0.4,13,81,43
9,82,2,0.3,7,80,66
12,55,4,0.4,16,80,53
59,80,14,1.2,62,55,80
13,33,4,0.4,19,81,41
53,66,11,0.6,24,87,73
79,100,15,0.6,26,93,105
81,91,11,1.4,38,53,108
116,109,16,1.9,50,88,152
141,131,26,2.2,46,76,188
45,42,7,0.7,23,93,63
33,43,7,0.6,28,88,48
18,46,6,0.5,31,84,46
23,55,6,0.6,32,86,53
29,73,11,0.7,23,71,62
60,71,11,0.9,47,72,82
124,122,22,1.7,75,94,163
169,171,13,2,56,72,219
88,118,10,1.1,37,80,117
17,50,4,0.4,18,87,50
79,105,19,1.1,56,71,105
171,196,19,2,79,57,221
58,202,7,0.9,38,51,126
48,129,9,0.9,45,71,90
45,64,11,0.9,41,69,63
46,63,9,0.8,51,48,64
43,72,6,0.7,37,76,61
104,107,13,1.3,72,79,137
119,128,16,1.5,63,110,156
63,69,18,1.4,50,65,85
146,141,11,1.7,75,91,195
244,198,11,2.1,100,151,294
237,185,17,2.6,79,86,287
20,74,3,0.4,18,95,62
33,60,8,0.6,31,95,55
61,60,5,0.9,62,29,83
105,73,3,1,56,88,138
70,60,4,0.8,47,97,94
23,39,4,0.5,35,87,44
59,83,9,0.9,56,75,80
87,104,8,1,66,96,115
110,132,12,1.4,90,64,144
91,102,10,1.2,63,118,120
57,95,7,0.7,59,128,78
123,142,13,1.1,76,141,162
197,196,12,1.4,103,119,247
39,173,13,0.8,46,88,112
41,85,8,0.6,55,104,69
104,155,13,1.1,85,120,137
176,213,15,1.5,81,202,226
223,243,10,1.8,69,155,273
12,91,2,0.3,17,87,71
22,20,2,0.4,34,64,43
51,97,2,0.6,28,46,74
14,70,2,0.3,9,91,60
18,49,5,0.3,24,98,49
40,87,6,0.6,49,90,69
87,126,22,1.4,64,115,115
51,118,8,0.8,40,90,84
19,62,5,0.3,38,106,56
31,109,9,0.6,40,103,80
39,59,9,1.2,55,51,69
28,185,2,0.3,13,101,118
24,81,4,0.4,31,111,66
72,162,10,0.7,50,157,106
96,216,10,0.9,43,158,133
110,214,8,0.9,49,174,144
122,194,10,1,51,204,160
125,158,12,1.4,44,223,165
68,72,3,1,34,78,92
10,19,2,0.4,21,77,39
17,31,2,0.4,29,106,55
19,35,2,0.4,38,116,64
33,65,4,0.5,46,144,87
92,111,6,0.8,54,167,122
41,175,5,0.6,39,141,113
96,174,7,0.8,56,214,150
146,171,9,1,61,169,195
29,68,5,0.7,25,122,69
40,184,2,0.5,33,84,117
17,41,2,0.3,23,101,51
15,54,3,0.3,29,109,58
61,114,8,0.6,57,173,112
59,189,4,0.5,43,149,120
55,136,8,0.7,46,164,104
30,80,5,0.5,39,149,91
47,99,8,0.6,50,182,120
92,143,12,1,63,210,146
81,109,6,0.8,52,110,108
139,121,4,1.5,44,163,185
49,84,3,0.6,40,180,119
118,146,7,1.2,44,243,178
67,103,5,1.1,44,136,90
116,93,5,1.9,37,180,152
42,59,3,1,30,79,59
23,48,4,0.6,31,152,94
38,68,5,0.7,43,170,110
39,45,3,0.8,30,113,61
61,41,2,1,37,54,83
45,153,2,0.4,25,98,102
56,228,5,0.5,42,150,139
52,133,7,0.7,52,216,151
61,131,7,0.8,40,227,162
44,128,3,0.4,34,140,89
14,55,2,0.3,34,115,63
13,38,3,0.3,35,154,95
29,71,6,0.6,46,219,154
28,68,3,0.5,48,191,129
50,108,9,0.7,51,265,200
54,123,4,0.7,40,126,87
30,90,3,0.4,40,165,105
40,120,7,0.6,43,231,166
50,146,9,0.7,45,243,178
21,56,3,0.5,24,153,95
15,46,2,0.5,33,148,90
22,40,2,0.5,28,106,55
34,34,2,0.7,23,166,106
64,65,2,0.8,31,159,100
85,84,3,1,42,204,140
51,45,5,1,41,112,70
25,40,3,0.6,35,187,125
88,79,6,1.7,39,221,156
81,84,3,1,28,206,142
57,52,3,1.2,36,179,118
80,87,3,1.2,45,224,159
60,82,8,1,34,193,130
47,57,3,0.9,49,163,103
26,62,6,0.7,35,225,160
65,104,10,1.2,65,168,108
60,93,8,1,40,302,207
54,93,4,0.7,31,248,183
82,115,5,1.2,41,188,126
124,89,4,1.7,35,219,163
26,47,3,0.5,35,95,48
9,27,4,0.3,25,119,66
18,56,2,0.5,44,163,103
33,75,5,1,34,251,186
49,54,4,1,26,181,120
44,54,3,0.9,24,170,110
55,52,3,0.9,24,184,122
59,78,3,0.9,31,237,172
70,104,3,1.2,36,238,173
36,56,3,1,25,234,169
51,49,3,0.9,27,50,70
54,41,3,0.9,23,172,111
76,68,3,1,29,82,102
33,34,3,0.7,22,100,50
30,27,3,0.6,35,64,47
33,26,3,0.9,31,78,48
43,46,3,0.9,38,107,60
51,44,3,0.7,23,171,110
59,58,3,1,29,178,117
26,34,3,0.7,26,68,38
19,14,3,0.7,27,63,34
83,66,3,1.4,27,116,109
69,57,3,1,32,122,92
81,74,3,1,22,168,108
69,77,4,0.9,21,193,130
44,46,3,0.9,27,105,62
52,59,3,1,24,159,100
16,20,3,0.6,19,62,31
10,17,3,0.5,17,105,55
12,31,3,0.5,25,154,95
48,56,3,1.2,23,151,93
55,61,3,1.2,21,191,129
73,88,3,1.2,26,209,145
72,84,3,1.2,28,205,141
63,83,3,1.2,30,228,163
59,88,3,1.2,28,232,167
84,101,3,1.5,25,216,151
53,79,2,1,27,196,133
63,97,3,1.2,29,237,172
34,54,3,0.9,21,139,83
36,49,5,1.4,30,66,53
61,61,3,1.2,26,145,88
23,24,3,1,21,83,42
29,34,2,1,28,172,111
35,47,2,0.9,29,216,151
46,48,3,1.2,24,144,87
55,44,2,1.2,23,104,75
45,41,2,1,22,142,85
26,32,2,0.9,21,71,39
14,28,2,0.5,26,97,49
13,30,2,0.5,24,151,93
32,64,3,0.6,39,217,152
14,22,3,0.5,24,98,49
20,35,3,0.7,30,82,41
24,36,2,0.7,24,144,87
12,31,2,0.5,27,111,60
19,52,2,0.6,47,66,59
17,40,2,0.6,34,132,77
12,34,2,0.5,31,115,63
30,67,3,0.7,32,199,136
59,92,3,1,31,204,140
63,89,5,1,32,202,139
59,74,4,1,35,163,103
9,23,2,0.5,24,113,61
16,37,3,0.6,33,85,43
14,31,3,0.6,29,156,97
44,50,3,1,30,144,87
41,34,2,0.7,19,113,61
29,28,2,0.5,19,78,39
7,19,2,0.5,24,86,43
11,33,3,0.5,31,114,62
8,35,2,0.3,19,67,35
5,18,2,0.3,17,68,34
8,23,2,0.5,27,84,42
24,56,4,0.5,41,129,75
43,74,6,1,52,129,75
43,68,5,0.9,41,136,80
47,58,4,0.9,37,164,104
80,97,4,1,49,170,110
100,109,5,1.2,50,156,130
14,23,2,0.5,20,63,32
8,26,3,0.3,30,83,42
12,40,3,0.5,41,71,52
20,55,3,0.5,50,58,60
28,63,3,0.9,59,42,77
45,70,3,0.7,50,118,65
15,45,2,0.3,29,61,44
6,25,2,0.3,18,51,26
5,25,2,0.3,22,59,30
8,25,3,0.3,28,73,37
22,48,4,0.6,36,90,48
34,57,3,0.6,40,91,53
66,80,5,1,59,67,88
55,42,3,0.9,35,83,73
6,13,3,0.3,24,63,32
5,18,3,0.3,21,59,30
8,21,3,0.3,19,79,40
11,30,3,0.5,35,81,44
13,35,4,0.5,41,82,52
43,71,8,1,54,128,74
80,99,8,1.4,54,125,107
8,21,3,0.3,18,66,33
11,37,3,0.5,40,68,50
9,35,2,0.5,33,73,42
4,14,3,0.3,15,50,25
6,22,3,0.3,25,52,32
10,32,3,0.3,36,59,45
37,74,4,0.6,59,71,74
82,106,7,1,75,90,109
142,157,6,1.2,77,114,190
152,181,5,1.4,68,55,202
61,64,3,1,36,74,83
31,45,3,0.6,42,63,53
30,50,3,0.6,53,63,67
43,59,4,0.7,58,78,73
65,79,5,0.9,70,81,88
115,128,7,1.4,83,57,150
120,90,5,1.2,58,72,158
15,45,3,0.5,35,58,45
42,90,4,0.9,65,37,82
84,122,10,1.5,75,29,112
5,44,2,0.3,11,56,44
10,32,4,0.3,26,57,33
4,29,2,0.3,11,72,36
5,20,3,0.3,21,62,31
11,33,3,0.5,39,65,49
23,52,5,0.9,49,45,62
